ORD;SECC;SECCIONAL COLORADA;N°;PARROQUIA;N°;LOCAL DE VOTACION;CANT. ELECTORES
1;1;JAIME PEÑA;5;SANTISIMA TRINIDAD;8;COL.NAC.CERRO CORA;2,181
2;1;JAIME PEÑA;5;SANTISIMA TRINIDAD;16;ESC.RCA. ORIENTAL DEL URUGUAY;3,781
3;1;JAIME PEÑA;5;SANTISIMA TRINIDAD;17;ESC.NAC. PROF. SILVIA MIRANDA;1,652
4;1;JAIME PEÑA;5;SANTISIMA TRINIDAD;23;ESC.SUB. JOSE MARIA B. LASALLE;3,565
5;1;JAIME PEÑA;5;SANTISIMA TRINIDAD;27;I.N.T.N.;3,871
6;1;JAIME PEÑA;5;SANTISIMA TRINIDAD;31;ESC. GETSEMANI;527
7;2;DR. FACUNDO INSFRAN;5;SANTISIMA TRINIDAD;2;COL.NAC.NTRA.SRA.DE LA ASUNCION;4,496
8;2;DR. FACUNDO INSFRAN;5;SANTISIMA TRINIDAD;13;COL. PRIV. ALEMAN CONCORDIA;2,323
9;2;DR. FACUNDO INSFRAN;5;SANTISIMA TRINIDAD;30;ESC.260 NTRA.S. DE LA ASUNCION;3,195
10;3;DR. ANGEL FLORENTIN PENA;4;LA RECOLETA;11;ESC. REPUBLICA DE BOLIVIA;1,167
11;3;DR. ANGEL FLORENTIN PENA;4;LA RECOLETA;13;COL. PRIV. GOETHE;3,474
12;3;DR. ANGEL FLORENTIN PENA;5;SANTISIMA TRINIDAD;11;COL.NAC.VICENTE IGNACIO ITURBE;6,515
13;3;DR. ANGEL FLORENTIN PENA;5;SANTISIMA TRINIDAD;19;ESC.1ER.PTE.CONST.DEL PARAGUAY;2,889
14;3;DR. ANGEL FLORENTIN PENA;5;SANTISIMA TRINIDAD;33;COL.PRIV.SAGRADOS CORAZONES;2,048
15;3;DR. ANGEL FLORENTIN PENA;5;SANTISIMA TRINIDAD;38;SERV.NAC.DE PROMOCION PROMOCIONAL-SNPP;753
16;4;DR. EDUARDO LOPEZ MOREIRA;4;LA RECOLETA;8;COL.NAC.CAP.PEDRO J.CABALLERO;3,015
17;4;DR. EDUARDO LOPEZ MOREIRA;4;LA RECOLETA;10;COL. SUB. VILLA AURELIA;908
18;4;DR. EDUARDO LOPEZ MOREIRA;4;LA RECOLETA;21;COL. SAN MARTIN;4,703
19;5;MAYOR BONIFACIO CABALLERO;3;SAN ROQUE;19;COLEGIO PRIVADO SAN ANDRES;3,065
20;5;MAYOR BONIFACIO CABALLERO;3;SAN ROQUE;23;COLEGIO SAN PIO X;2,872
21;5;MAYOR BONIFACIO CABALLERO;3;SAN ROQUE;29;COLEGIO REPUBLICA DE CUBA;3,349
22;5;MAYOR BONIFACIO CABALLERO;3;SAN ROQUE;41;ESC. ADELA SPERATTI;1,440
23;6;FULGENCIO R. MORENO;4;LA RECOLETA;17;CLUB GENERAL GENES;2,305
24;6;FULGENCIO R. MORENO;4;LA RECOLETA;20;COL. ALVARIN ROMERO;4,796
25;6;FULGENCIO R. MORENO;4;LA RECOLETA;22;COL. NAC. RCA. DE PANAMA;4,719
26;7;DIEGO BERINO;4;LA RECOLETA;23;ESC. NAC. RCA. DE CHILE;2,276
27;7;DIEGO BERINO;4;LA RECOLETA;31;ESC.MILCIADES PIÑEIRO-EX ESC.PELLETIER;3,325
28;7;DIEGO BERINO;4;LA RECOLETA;33;COL. SAN PEDRO Y SAN PABLO;2,862
29;8;RAFAEL MEZA;4;LA RECOLETA;29;COL. VERBO DIVINO;5,536
30;8;RAFAEL MEZA;4;LA RECOLETA;30;ESC.NAC.MANUEL ORTIZ GUERRERO;4,225
31;9;DR. ANTOLIN IRALA;3;SAN ROQUE;32;COL. GENERAL SANTOS;2,717
32;9;DR. ANTOLIN IRALA;3;SAN ROQUE;40;COL.PARROQ.VIRGEN DEL CARMEN;4,171
33;10;DR. GASPAR ANTOLIANO GARCETE;3;SAN ROQUE;3;COL.PRIV.SAGR.CORAZON DE JESUS;1,824
34;10;DR. GASPAR ANTOLIANO GARCETE;3;SAN ROQUE;11;COLEGIO SAN JOSE;4,805
35;10;DR. GASPAR ANTOLIANO GARCETE;3;SAN ROQUE;18;ESCUELA REPUBLICA ARGENTINA;3,878
36;10;DR. GASPAR ANTOLIANO GARCETE;3;SAN ROQUE;33;COL. PRIV. MARIA AUXILIADORA;1,656
37;11;DR. PEDRO P. PEÑA;3;SAN ROQUE;1;COLEGIO NAC. PEDRO P. PEÑA;4,601
38;11;DR. PEDRO P. PEÑA;3;SAN ROQUE;2;COL. SUB. SAN CLEMENTE MARIA;2,003
39;11;DR. PEDRO P. PEÑA;3;SAN ROQUE;36;COL.VIRGEN DE LOS DOLORES;1,056
40;12;GRAL BERNARDINO CABALLERO;3;SAN ROQUE;8;COLEGIO STA. T. DEL NIÑO JESUS;3,928
41;12;GRAL BERNARDINO CABALLERO;3;SAN ROQUE;9;CENTRO EDUCATIVO JESUS;1,909
42;12;GRAL BERNARDINO CABALLERO;3;SAN ROQUE;17;ESC.BAS. 206 PROF.MANUEL RIQUELME (EX COL.HA;2,930
43;12;GRAL BERNARDINO CABALLERO;3;SAN ROQUE;30;IGLESIA SAN VICENTE;8,073
44;13;BERNARDINO RIQUELME;3;SAN ROQUE;4;UNIVERSIDAD CATOLICA-CAMPUS;3,731
45;13;BERNARDINO RIQUELME;3;SAN ROQUE;10;LICEO PRIVADO 1RO. DE MARZO;1,954
46;13;BERNARDINO RIQUELME;3;SAN ROQUE;31;COL. IGNACIO A. PANE;5,883
47;14;RICARDO BRUGADA;2;LA CATEDRAL;8;ESC.BASICA NRO 2 CELSA SPERATTI;1,214
48;14;RICARDO BRUGADA;3;SAN ROQUE;28;COL.E.M.D.JUAN RAMON DAHLQUIST;5,237
49;15;MAYOR JOSE V. GONZALEZ;1;LA ENCARNACION;12;COLEGIO NAC. RCA. DEL BRASIL;3,834
50;15;MAYOR JOSE V. GONZALEZ;1;LA ENCARNACION;14;COL.PRIVADO IBEROAMERICANO;1,036
51;15;MAYOR JOSE V. GONZALEZ;2;LA CATEDRAL;1;COL. NAC. PDTE. FRANCO;1,279
52;15;MAYOR JOSE V. GONZALEZ;2;LA CATEDRAL;2;COLEGIO DANTE ALIGHIERI;1,000
53;15;DR. JUAN MANUEL FRUTOS;2;LA CATEDRAL;7;COL.NAC.ASUNCION ESCALADA(EX NAC. DE NIÑAS);1,750
54;16;DR. JUAN MANUEL FRUTOS;2;LA CATEDRAL;5;ESC. NAC. DE COMERCIO NRO. 1;1,574
55;16;DR. JUAN MANUEL FRUTOS;2;LA CATEDRAL;6;ESCUELA NACIONAL GRAL. DIAZ;2,571
56;16;DR. JUAN MANUEL FRUTOS;3;SAN ROQUE;12;COLEGIO PERPETUO SOCORRO;3,355
57;17;GRAL. EUGENIO A. GARAY;1;LA ENCARNACION;16;COL.LA INMACULADA CONCEPCION;4,254
58;17;GRAL. EUGENIO A. GARAY;1;LA ENCARNACION;22;COLEGIO CRISTO REY;2,541
59;18;CNEL. JUAN A. ESCURRA;2;LA CATEDRAL;3;COL.NAC.E.M.D.NACIONES UNIDAS;5,511
60;18;CNEL. JUAN A. ESCURRA;2;LA CATEDRAL;4;COLEGIO SUB. S. ALFONSO;1,453
61;18;CNEL. JUAN A. ESCURRA;3;SAN ROQUE;13;COL. JUAN MANUEL FRUTOS 370;4,082
62;18;CNEL. JUAN A. ESCURRA;3;SAN ROQUE;25;COLEGIO SANTISIMO REDENTOR;6,339
63;19;EMILIO V. DIAZ DE VIVAR;1;LA ENCARNACION;15;COLEGIO NAC. FEDERICO CHAVEZ;4,726
64;19;EMILIO V. DIAZ DE VIVAR;1;LA ENCARNACION;17;COL. PRIV. DEL DIVINO MAESTRO;2,024
65;20;AGUSTIN CARMELO CANDIA;1;LA ENCARNACION;6;ESCUELA SAN VICENTE DE PAUL;1,114
66;20;AGUSTIN CARMELO CANDIA;1;LA ENCARNACION;8;COL.DR.G.RODRIGUEZ DE FRANCIA;2,159
67;20;AGUSTIN CARMELO CANDIA;1;LA ENCARNACION;10;COL. NACIONAL JOSE BERGES;2,505
68;20;AGUSTIN CARMELO CANDIA;1;LA ENCARNACION;11;COL. PRIV. MONSEÑOR LASAGNA;3,285
69;20;AGUSTIN CARMELO CANDIA;1;LA ENCARNACION;13;INMACULADO CORAZON DE MARIA;1,009
70;20;AGUSTIN CARMELO CANDIA;1;LA ENCARNACION;23;FACULTAD DE MEDICINA;1,478
71;21;DR. ANTOLIN SOSA;1;LA ENCARNACION;1;COL.EXPERIM.PARAGUAY BRASIL-FAC.FILOSOFIA;5,613
72;21;DR. ANTOLIN SOSA;1;LA ENCARNACION;4;COL.NAC. SAGRADO CORAZON DE JESUS;1,307
73;21;DR. ANTOLIN SOSA;1;LA ENCARNACION;7;COL. PRIV. ALBERTO SCHWEITZER;1,341
74;21;DR. ANTOLIN SOSA;1;LA ENCARNACION;18;FUN.MOLINOS HARIN.DEL PARAGUAY;849
75;21;DR. ANTOLIN SOSA;1;LA ENCARNACION;19;ESC. SUB. SAN ANTONIO PADUA;2,099
76;22;DR. JUAN LEON MALLORQUIN;1;LA ENCARNACION;2;ESC.DE COMERCIO NRO.3 RCA.PERU;7,368
77;22;DR. JUAN LEON MALLORQUIN;1;LA ENCARNACION;5;COL.JOSE DE ANTEQUERA Y CASTRO;2,512
78;22;DR. JUAN LEON MALLORQUIN;1;LA ENCARNACION;20;COL.POL.STA.CRUZ CIRILO DUARTE;2,750
79;23;EDUARDO FLEITAS;1;LA ENCARNACION;21;CAPILLA SAN FELIPE  Y SANTIAGO;1,692
80;23;EDUARDO FLEITAS;1;LA ENCARNACION;3;COL.NAC. JUAN L. MALLORQUIN;5,303
81;23;EDUARDO FLEITAS;1;LA ENCARNACION;9;ESCUELA SOTERO COLMAN;1,494
82;24;DR. VICTOR BOETTNER;4;LA RECOLETA;2;COL. YSATY;3,924
83;24;DR. VICTOR BOETTNER;4;LA RECOLETA;7;COL. POLITECNICO J. GUTENTBERG;755
84;24;DR. VICTOR BOETTNER;4;LA RECOLETA;15;LICEO NAC.GRAL.PATRICIO ESCOBAR;4,740
85;24;DR. VICTOR BOETTNER;4;LA RECOLETA;16;ESC. MAESTRO HERMINIO GIMENEZ;2,801
86;24;DR. VICTOR BOETTNER;4;LA RECOLETA;18;CENTRO EDUC. SAN PABLO;3,493
87;24;DR. VICTOR BOETTNER;4;LA RECOLETA;26;ESC. BLAS GARAY;2,585
88;25;HIPOLITO SANCHEZ;6;ZEBALLOS CUE;1;ESC. NAC. MAURICIO JOSE TROCHE;4,188
89;25;HIPOLITO SANCHEZ;6;ZEBALLOS CUE;2;ESC. NAC. SAN FRANCISCO;1,440
90;25;HIPOLITO SANCHEZ;6;ZEBALLOS CUE;3;ESC. NAC. SAN PEDRO;1,952
91;25;HIPOLITO SANCHEZ;6;ZEBALLOS CUE;4;COL. NAC. LAS RESIDENTAS;4,808
92;26;SECCIONAL 26 - CAPITAL;5;SANTISIMA TRINIDAD;14;COL.NAC. CARLOS ANTONIO LOPEZ;2,540
93;26;SECCIONAL 26 - CAPITAL;5;SANTISIMA TRINIDAD;20;COL. NAC.LAS MERCEDES - EX FELIPE TOLEDO;3,195
94;26;SECCIONAL 26 - CAPITAL;5;SANTISIMA TRINIDAD;35;COL.NAC.VICENTE MONGELOS;4,610
95;27;SECCIONAL 27 - CAPITAL;5;SANTISIMA TRINIDAD;6;COL.NA.MONSEÑOR JUAN S.BOGARIN-SAN BLAS;2,558
96;27;SECCIONAL 27 - CAPITAL;5;SANTISIMA TRINIDAD;22;COL.PRIV.PARROQ. SAN AGUSTIN;4,247
97;27;SECCIONAL 27 - CAPITAL;5;SANTISIMA TRINIDAD;39;COMPLEJO EDUC. MARIA AUXILIADORA;2,314
98;28;SECCIONAL 28 - CAPITAL;5;SANTISIMA TRINIDAD;1;COL.NAC.JUANA MARIA DE LARA;1,549
99;28;SECCIONAL 28 - CAPITAL;5;SANTISIMA TRINIDAD;3;COL.PRIV. SAGRADA FAMILIA;1,518
100;28;SECCIONAL 28 - CAPITAL;5;SANTISIMA TRINIDAD;9;COL. NAC. EMILIO FERREIRA;3,742
101;28;SECCIONAL 28 - CAPITAL;5;SANTISIMA TRINIDAD;24;ESC. SAN VICENTE DE PAUL;3,147
102;28;SECCIONAL 28 - CAPITAL;5;SANTISIMA TRINIDAD;26;ESC.PRIV.STA. CATALINA LABOURE;1,400
103;28;SECCIONAL 28 - CAPITAL;5;SANTISIMA TRINIDAD;29;CENTRO EDUC. SAN I. DE LOYOLA;556
104;28;SECCIONAL 28 - CAPITAL;5;SANTISIMA TRINIDAD;32;ESC. CARLOS ANTONIO LOPEZ;607
105;29;SECCIONAL 29 - CAPITAL;5;SANTISIMA TRINIDAD;4;COL.NAC.FRANCISCA ELOISA DUARTE;3,888
106;29;SECCIONAL 29 - CAPITAL;5;SANTISIMA TRINIDAD;7;COL.E.M.D.SANTISIMA TRINIDAD;1,668
107;29;SECCIONAL 29 - CAPITAL;5;SANTISIMA TRINIDAD;21;ESC.NAC.CENTEN.DE LA EPOP.NAC.;735
108;30;SECCIONAL 30 - CAPITAL;5;SANTISIMA TRINIDAD;10;COL.PRIV.AMERICANO DE ASUNCION;3,508
109;30;SECCIONAL 30 - CAPITAL;5;SANTISIMA TRINIDAD;15;COL.NAC JOSE PATRICIO GUGGIARI;1,147
110;30;SECCIONAL 30 - CAPITAL;5;SANTISIMA TRINIDAD;18;ESC.NAC. RCA. FED. DE ALEMANIA;3,407
111;31;SECCIONAL 31 - CAPITAL;5;SANTISIMA TRINIDAD;28;COL. TECNICO JAVIER;6,043
112;32;SECCIONAL 32 - CAPITAL;3;SAN ROQUE;14;COLEGIO NAC. VIRGEN DE FATIMA;3,429
113;32;SECCIONAL 32 - CAPITAL;3;SAN ROQUE;22;COLEGIO MARISCAL  LOPEZ;2,296
114;32;SECCIONAL 32 - CAPITAL;3;SAN ROQUE;26;COL.PRIV. NTRA.SRA. DEL HUERTO;3,304
115;33;SECCIONAL 33 - CAPITAL;3;SAN ROQUE;21;COLEGIO REPUBLICA DE COLOMBIA;1,700
116;33;SECCIONAL 33 - CAPITAL;3;SAN ROQUE;24;ESC. DIFERENCIAL MAXIMO ARELLANO;2,897
117;33;SECCIONAL 33 - CAPITAL;3;SAN ROQUE;34;COL.NAC.DE COMERCIO 2;3,013
118;34;SECCIONAL 34 - CAPITAL;3;SAN ROQUE;7;ESCUELA SANTA ANA;7,626
119;35;SECCIONAL 35 - CAPITAL;3;SAN ROQUE;27;COLEGIO DELFIN CHAMORRO;9,745
120;36;SECCIONAL 36 - CAPITAL;3;SAN ROQUE;5;COL.NAC.B. CABALLERO - C.N.C;7,143
121;36;SECCIONAL 36 - CAPITAL;3;SAN ROQUE;6;COL.NAC.DR.FERNANDO DE LA MORA;5,760
122;37;SECCIONAL 37 - CAPITAL;4;LA RECOLETA;12;ESC. JUAN DE ZALAZAR;2,245
123;37;SECCIONAL 37 - CAPITAL;4;LA RECOLETA;14;COL. PRIV. VIRGEN DE NAZARETH;5,469
124;38;SECCIONAL 38 - CAPITAL;4;LA RECOLETA;6;COL.SUB.MCAL.F.SOLANO LOPEZ;1,915
125;38;SECCIONAL 38 - CAPITAL;4;LA RECOLETA;28;COL. ROBERTO L. PETIT;5,033
126;39;SECCIONAL 39 - CAPITAL;4;LA RECOLETA;1;ESC. BETANIA;916
127;39;SECCIONAL 39 - CAPITAL;4;LA RECOLETA;24;COL. EDUARDO  LOPEZ MOREIRA;3,770
128;39;SECCIONAL 39 - CAPITAL;4;LA RECOLETA;34;COL.SANTA MARIA;3,596
129;40;SECCIONAL 40 - CAPITAL;4;LA RECOLETA;4;COL. PRIV.SAN CRISTOBAL;5,925
130;40;SECCIONAL 40 - CAPITAL;4;LA RECOLETA;9;COL. LUIS ALBERTO DE HERRERA;6,569
131;40;SECCIONAL 40 - CAPITAL;4;LA RECOLETA;27;COL. ROBERTO SHAERER;1,737
132;41;SECCIONAL 41 - CAPITAL;5;SANTISIMA TRINIDAD;5;LIC.SANTISIMA TRINIDAD;3,018
133;41;SECCIONAL 41 - CAPITAL;5;SANTISIMA TRINIDAD;36;ESC. MARANGATU RAPE;5,017
134;42;CAPITAL 42;5;SANTISIMA TRINIDAD;12;COL.NAC.RCA. DE VENEZUELA;2,227
135;42;CAPITAL 42;5;SANTISIMA TRINIDAD;25;ESC. ST. ANNEE SCHOOL;2,757
136;43;CAPITAL 43;4;LA RECOLETA;3;ESC. EUDORO CACERES;5,509
137;43;CAPITAL 43;4;LA RECOLETA;5;COL. PABLO L. AVILA;4,090
138;43;CAPITAL 43;4;LA RECOLETA;19;COL. PRIV. APOSTOLICO SAN JOSE;1,943
139;43;CAPITAL 43;4;LA RECOLETA;25;INSTIT.SUP. DE EDUCACION-ISE;842
140;43;CAPITAL 43;4;LA RECOLETA;32;COL. SAN  FRANCISCO;1,552
141;44;ING. DON LUIS GONZAGA GARAY;3;SAN ROQUE;15;ESCUELA DR. LEANDRO PRIETO;2,064
142;44;ING. DON LUIS GONZAGA GARAY;3;SAN ROQUE;20;COLEGIO REPUBLICA DE HUNGRIA;3,164
143;44;ING. DON LUIS GONZAGA GARAY;3;SAN ROQUE;35;VIRGEN STELA MARIS - ITA ENRAMADA;2,178
144;45;CAPITAL 45;3;SAN ROQUE;16;COL.SAN CAYET. DE FE Y ALEGRIA;2,655
145;45;CAPITAL 45;3;SAN ROQUE;37;ESC.PIACCENTINI;3,503
